BookTitle,Category
It's Only the Himalayas,Travel
Full Moon over Noahâs Ark: An Odyssey to Mount Ararat and Beyond,Travel
See America: A Celebration of Our National Parks & Treasured Sites,Travel
Vagabonding: An Uncommon Guide to the Art of Long-Term World Travel,Travel
Under the Tuscan Sun,Travel
A Summer In Europe,Travel
The Great Railway Bazaar,Travel
A Year in Provence (Provence #1),Travel
The Road to Little Dribbling: Adventures of an American in Britain (Notes From a Small Island #2),Travel
Neither Here nor There: Travels in Europe,Travel
"1,000 Places to See Before You Die",Travel
Sharp Objects,Mystery
"In a Dark, Dark Wood",Mystery
The Past Never Ends,Mystery
A Murder in Time,Mystery
The Murder of Roger Ackroyd (Hercule Poirot #4),Mystery
The Last Mile (Amos Decker #2),Mystery
That Darkness (Gardiner and Renner #1),Mystery
Tastes Like Fear (DI Marnie Rome #3),Mystery
A Time of Torment (Charlie Parker #14),Mystery
A Study in Scarlet (Sherlock Holmes #1),Mystery
Poisonous (Max Revere Novels #3),Mystery
Murder at the 42nd Street Library (Raymond Ambler #1),Mystery
Most Wanted,Mystery
Hide Away (Eve Duncan #20),Mystery
Boar Island (Anna Pigeon #19),Mystery
The Widow,Mystery
Playing with Fire,Mystery
What Happened on Beale Street (Secrets of the South Mysteries #2),Mystery
The Bachelor Girl's Guide to Murder (Herringford and Watts Mysteries #1),Mystery
Delivering the Truth (Quaker Midwife Mystery #1),Mystery
Tipping the Velvet,Historical Fiction
Forever and Forever: The Courtship of Henry Longfellow and Fanny Appleton,Historical Fiction
A Flight of Arrows (The Pathfinders #2),Historical Fiction
The House by the Lake,Historical Fiction
Mrs. Houdini,Historical Fiction
The Marriage of Opposites,Historical Fiction
Glory over Everything: Beyond The Kitchen House,Historical Fiction
"Love, Lies and Spies",Historical Fiction
A Paris Apartment,Historical Fiction
Lilac Girls,Historical Fiction
The Constant Princess (The Tudor Court #1),Historical Fiction
The Invention of Wings,Historical Fiction
World Without End (The Pillars of the Earth #2),Historical Fiction
The Passion of Dolssa,Historical Fiction
Girl With a Pearl Earring,Historical Fiction
Voyager (Outlander #3),Historical Fiction
The Red Tent,Historical Fiction
The Last Painting of Sara de Vos,Historical Fiction
The Guernsey Literary and Potato Peel Pie Society,Historical Fiction
Girl in the Blue Coat,Historical Fiction
Scott Pilgrim's Precious Little Life (Scott Pilgrim #1),Sequential Art
Tsubasa: WoRLD CHRoNiCLE 2 (Tsubasa WoRLD CHRoNiCLE #2),Sequential Art
This One Summer,Sequential Art
The Nameless City (The Nameless City #1),Sequential Art
"Saga, Volume 5 (Saga (Collected Editions) #5)",Sequential Art
"Rat Queens, Vol. 3: Demons (Rat Queens (Collected Editions) #11-15)",Sequential Art
"Princess Jellyfish 2-in-1 Omnibus, Vol. 01 (Princess Jellyfish 2-in-1 Omnibus #1)",Sequential Art
"Pop Gun War, Volume 1: Gift",Sequential Art
Patience,Sequential Art
"Outcast, Vol. 1: A Darkness Surrounds Him (Outcast #1)",Sequential Art
orange: The Complete Collection 1 (orange: The Complete Collection #1),Sequential Art
"Lumberjanes, Vol. 2: Friendship to the Max (Lumberjanes #5-8)",Sequential Art
"Lumberjanes, Vol. 1: Beware the Kitten Holy (Lumberjanes #1-4)",Sequential Art
Lumberjanes Vol. 3: A Terrible Plan (Lumberjanes #9-12),Sequential Art
"I Hate Fairyland, Vol. 1: Madly Ever After (I Hate Fairyland (Compilations) #1-5)",Sequential Art
I am a Hero Omnibus Volume 1,Sequential Art
"Giant Days, Vol. 2 (Giant Days #5-8)",Sequential Art
Danganronpa Volume 1,Sequential Art
"Codename Baboushka, Volume 1: The Conclave of Death",Sequential Art
Camp Midnight,Sequential Art
The Secret Garden,Classics
The Metamorphosis,Classics
The Pilgrim's Progress,Classics
The Hound of the Baskervilles (Sherlock Holmes #5),Classics
Little Women (Little Women #1),Classics
Gone with the Wind,Classics
Candide,Classics
Animal Farm,Classics
Wuthering Heights,Classics
The Picture of Dorian Gray,Classics
The Complete Stories and Poems (The Works of Edgar Allan Poe [Cameo Edition]),Classics
Beowulf,Classics
And Then There Were None,Classics
The Story of Hong Gildong,Classics
The Little Prince,Classics
Sense and Sensibility,Classics
Of Mice and Men,Classics
Emma,Classics
Alice in Wonderland (Alice's Adventures in Wonderland #1),Classics
Sophie's World,Philosophy
The Death of Humanity: and the Case for Life,Philosophy
The Stranger,Philosophy
Proofs of God: Classical Arguments from Tertullian to Barth,Philosophy
Kierkegaard: A Christian Missionary to Christians,Philosophy
"At The Existentialist CafÃ©: Freedom, Being, and apricot cocktails with: Jean-Paul Sartre, Simone de Beauvoir, Albert Camus, Martin Heidegger, Edmund Husserl, Karl Jaspers, Maurice Merleau-Ponty and others",Philosophy
Critique of Pure Reason,Philosophy
"Run, Spot, Run: The Ethics of Keeping Pets",Philosophy
The Nicomachean Ethics,Philosophy
Meditations,Philosophy
Beyond Good and Evil,Philosophy
Chase Me (Paris Nights #2),Romance
Black Dust,Romance
Her Backup Boyfriend (The Sorensen Family #1),Romance
First and First (Five Boroughs #3),Romance
Fifty Shades Darker (Fifty Shades #2),Romance
The Wedding Dress,Romance
Suddenly in Love (Lake Haven #1),Romance
Something More Than This,Romance
Doing It Over (Most Likely To #1),Romance
The Wedding Pact (The O'Malleys #2),Romance
Hold Your Breath (Search and Rescue #1),Romance
Dirty (Dive Bar #1),Romance
Take Me Home Tonight (Rock Star Romance #3),Romance
Off the Hook (Fishing for Trouble #1),Romance
A Gentleman's Position (Society of Gentlemen #3),Romance
"Sit, Stay, Love",Romance
A Girl's Guide to Moving On (New Beginnings #2),Romance
The Perfect Play (Play by Play #1),Romance
Dark Lover (Black Dagger Brotherhood #1),Romance
Changing the Game (Play by Play #2),Romance
I Had a Nice Time And Other Lies...: How to find love & sh*t like that,Womens Fiction
Will You Won't You Want Me?,Womens Fiction
Keep Me Posted,Womens Fiction
Grey (Fifty Shades #4),Womens Fiction
Meternity,Womens Fiction
Some Women,Womens Fiction
Shopaholic Ties the Knot (Shopaholic #3),Womens Fiction
Can You Keep a Secret?,Womens Fiction
Twenties Girl,Womens Fiction
The Undomestic Goddess,Womens Fiction
The Nanny Diaries (Nanny #1),Womens Fiction
The Devil Wears Prada (The Devil Wears Prada #1),Womens Fiction
Something Borrowed (Darcy & Rachel #1),Womens Fiction
Something Blue (Darcy & Rachel #2),Womens Fiction
I've Got Your Number,Womens Fiction
The Edge of Reason (Bridget Jones #2),Womens Fiction
Bridget Jones's Diary (Bridget Jones #1),Womens Fiction
Soumission,Fiction
Private Paris (Private #10),Fiction
"We Love You, Charlie Freeman",Fiction
Thirst,Fiction
The Murder That Never Was (Forensic Instincts #5),Fiction
Tuesday Nights in 1980,Fiction
The Vacationers,Fiction
The Regional Office Is Under Attack!,Fiction
Finders Keepers (Bill Hodges Trilogy #2),Fiction
The Time Keeper,Fiction
The Testament of Mary,Fiction
The First Hostage (J.B. Collins #2),Fiction
Take Me with You,Fiction
Still Life with Bread Crumbs,Fiction
Shtum,Fiction
My Name Is Lucy Barton,Fiction
My Mrs. Brown,Fiction
Mr. Mercedes (Bill Hodges Trilogy #1),Fiction
I Am Pilgrim (Pilgrim #1),Fiction
Eligible (The Austen Project #4),Fiction
Birdsong: A Story in Pictures,Childrens
The Bear and the Piano,Childrens
The Secret of Dreadwillow Carse,Childrens
The White Cat and the Monk: A Retelling of the Poem âPangur BÃ¡nâ,Childrens
Little Red,Childrens
Walt Disney's Alice in Wonderland,Childrens
Twenty Yawns,Childrens
Rain Fish,Childrens
Once Was a Time,Childrens
Luis Paints the World,Childrens
Nap-a-Roo,Childrens
The Whale,Childrens
"Shrunken Treasures: Literary Classics, Short, Sweet, and Silly",Childrens
Raymie Nightingale,Childrens
Playing from the Heart,Childrens
Maybe Something Beautiful: How Art Transformed a Neighborhood,Childrens
The Wild Robot,Childrens
The Thing About Jellyfish,Childrens
The Lonely Ones,Childrens
The Day the Crayons Came Home (Crayons),Childrens
"Don't Be a Jerk: And Other Practical Advice from Dogen, Japan's Greatest Zen Master",Religion
You Are What You Love: The Spiritual Power of Habit,Religion
God: The Most Unpleasant Character in All Fiction,Religion
The Book of Mormon,Religion
"A History of God: The 4,000-Year Quest of Judaism, Christianity, and Islam",Religion
The Bhagavad Gita,Religion
Choosing Our Religion: The Spiritual Lives of America's Nones,Religion
Worlds Elsewhere: Journeys Around Shakespeareâs Globe,Nonfiction
The Five Love Languages: How to Express Heartfelt Commitment to Your Mate,Nonfiction
Reasons to Stay Alive,Nonfiction
#HigherSelfie: Wake Up Your Life. Free Your Soul. Find Your Tribe.,Nonfiction
"Unseen City: The Majesty of Pigeons, the Discreet Charm of Snails & Other Wonders of the Urban Wilderness",Nonfiction
Throwing Rocks at the Google Bus: How Growth Became the Enemy of Prosperity,Nonfiction
The Life-Changing Magic of Tidying Up: The Japanese Art of Decluttering and Organizing,Nonfiction
The Gutsy Girl: Escapades for Your Life of Epic Adventure,Nonfiction
The Electric Pencil: Drawings from Inside State Hospital No. 3,Nonfiction
Spark Joy: An Illustrated Master Class on the Art of Organizing and Tidying Up,Nonfiction
Reskilling America: Learning to Labor in the Twenty-First Century,Nonfiction
In the Country We Love: My Family Divided,Nonfiction
Everydata: The Misinformation Hidden in the Little Data You Consume Every Day,Nonfiction
Call the Nurse: True Stories of a Country Nurse on a Scottish Isle,Nonfiction
Algorithms to Live By: The Computer Science of Human Decisions,Nonfiction
The Power of Now: A Guide to Spiritual Enlightenment,Nonfiction
The Omnivore's Dilemma: A Natural History of Four Meals,Nonfiction
The Genius of Birds,Nonfiction
The Artist's Way: A Spiritual Path to Higher Creativity,Nonfiction
So You've Been Publicly Shamed,Nonfiction
Rip it Up and Start Again,Music
"Our Band Could Be Your Life: Scenes from the American Indie Underground, 1981-1991",Music
How Music Works,Music
Love Is a Mix Tape (Music #1),Music
Please Kill Me: The Uncensored Oral History of Punk,Music
Kill 'Em and Leave: Searching for James Brown and the American Soul,Music
"Chronicles, Vol. 1",Music
This Is Your Brain on Music: The Science of a Human Obsession,Music
"Orchestra of Exiles: The Story of Bronislaw Huberman, the Israel Philharmonic, and the One Thousand Jews He Saved from Nazi Horrors",Music
No One Here Gets Out Alive,Music
Life,Music
Old Records Never Die: One Man's Quest for His Vinyl and His Past,Music
Forever Rockers (The Rocker #12),Music
"The Coming Woman: A Novel Based on the Life of the Infamous Feminist, Victoria Woodhull",Default
The Boys in the Boat: Nine Americans and Their Epic Quest for Gold at the 1936 Berlin Olympics,Default
"Starving Hearts (Triangular Trade Trilogy, #1)",Default
America's Cradle of Quarterbacks: Western Pennsylvania's Football Factory from Johnny Unitas to Joe Montana,Default
Aladdin and His Wonderful Lamp,Default
Penny Maybe,Default
Maude (1883-1993):She Grew Up with the country,Default
"The Inefficiency Assassin: Time Management Tactics for Working Smarter, Not Longer",Default
Soul Reader,Default
Bossypants,Default
A World of Flavor: Your Gluten Free Passport,Default
"A Piece of Sky, a Grain of Rice: A Memoir in Four Meditations",Default
Tracing Numbers on a Train,Default
Thirteen Reasons Why,Default
The Secret (The Secret #1),Default
The Psychopath Test: A Journey Through the Madness Industry,Default
The Kite Runner,Default
The Girl on the Train,Default
The Emerald Mystery,Default
The Bridge to Consciousness: I'm Writing the Bridge Between Science and Our Old and New Beliefs.,Default
Mesaerion: The Best Science Fiction Stories 1800-1849,Science Fiction
Join,Science Fiction
"William Shakespeare's Star Wars: Verily, A New Hope (William Shakespeare's Star Wars #4)",Science Fiction
The Project,Science Fiction
Soft Apocalypse,Science Fiction
Sleeping Giants (Themis Files #1),Science Fiction
Arena,Science Fiction
Foundation (Foundation (Publication Order) #1),Science Fiction
The Restaurant at the End of the Universe (Hitchhiker's Guide to the Galaxy #2),Science Fiction
Ready Player One,Science Fiction
"Life, the Universe and Everything (Hitchhiker's Guide to the Galaxy #3)",Science Fiction
Dune (Dune #1),Science Fiction
Do Androids Dream of Electric Sheep? (Blade Runner #1),Science Fiction
Three Wishes (River of Time: California #1),Science Fiction
The Last Girl (The Dominion Trilogy #1),Science Fiction
Having the Barbarian's Baby (Ice Planet Barbarians #7.5),Science Fiction
The Book of Basketball: The NBA According to The Sports Guy,Sports and Games
"Friday Night Lights: A Town, a Team, and a Dream",Sports and Games
Sugar Rush (Offensive Line #2),Sports and Games
Settling the Score (The Summer Games #1),Sports and Games
Icing (Aces Hockey #2),Sports and Games
The Torch Is Passed: A Harding Family Story,Add a comment
"The Mindfulness and Acceptance Workbook for Anxiety: A Guide to Breaking Free from Anxiety, Phobias, and Worry Using Acceptance and Commitment Therapy",Add a comment
The Art Forger,Add a comment
On a Midnight Clear,Add a comment
Judo: Seven Steps to Black Belt (an Introductory Guide for Beginners),Add a comment
"Shobu Samurai, Project Aryoku (#3)",Add a comment
Modern Romance,Add a comment
The White Queen (The Cousins' War #1),Add a comment
The Song of Achilles,Add a comment
The Immortal Life of Henrietta Lacks,Add a comment
The Dovekeepers,Add a comment
More Than Music (Chasing the Dream #1),Add a comment
Code Name Verity (Code Name Verity #1),Add a comment
Cell,Add a comment
Angels Walking (Angels Walking #1),Add a comment
"A Series of Catastrophes and Miracles: A True Story of Love, Science, and Cancer",Add a comment
A People's History of the United States,Add a comment
A Brush of Wings (Angels Walking #3),Add a comment
Rook,Add a comment
The Midnight Watch: A Novel of the Titanic and the Californian,Add a comment
Unicorn Tracks,Fantasy
"Saga, Volume 6 (Saga (Collected Editions) #6)",Fantasy
Princess Between Worlds (Wide-Awake Princess #5),Fantasy
Masks and Shadows,Fantasy
Crown of Midnight (Throne of Glass #2),Fantasy
"Avatar: The Last Airbender: Smoke and Shadow, Part 3 (Smoke and Shadow #3)",Fantasy
A Court of Thorns and Roses (A Court of Thorns and Roses #1),Fantasy
Throne of Glass (Throne of Glass #1),Fantasy
The Glittering Court (The Glittering Court #1),Fantasy
Hollow City (Miss Peregrineâs Peculiar Children #2),Fantasy
The Star-Touched Queen,Fantasy
The Hidden Oracle (The Trials of Apollo #1),Fantasy
The Bane Chronicles (The Bane Chronicles #1-11),Fantasy
Island of Dragons (Unwanteds #7),Fantasy
Demigods & Magicians: Percy and Annabeth Meet the Kanes (Percy Jackson & Kane Chronicles Crossover #1-3),Fantasy
City of Glass (The Mortal Instruments #3),Fantasy
Searching for Meaning in Gailana,Fantasy
The Star-Touched Queen,Fantasy
A Shard of Ice (The Black Symphony Saga #1),Fantasy
King's Folly (The Kinsman Chronicles #1),Fantasy
Without Borders (Wanderlove #1),New Adult
The Mistake (Off-Campus #2),New Adult
The Matchmaker's Playbook (Wingmen Inc. #1),New Adult
The Hook Up (Game On #1),New Adult
Shameless,New Adult
Off Sides (Off #1),New Adult
The Requiem Red,Young Adult
Set Me Free,Young Adult
The Natural History of Us (The Fine Art of Pretending #2),Young Adult
Obsidian (Lux #1),Young Adult
Burning,Young Adult
A Fierce and Subtle Poison,Young Adult
Scarlett Epstein Hates It Here,Young Adult
"Nightingale, Sing",Young Adult
Library of Souls (Miss Peregrineâs Peculiar Children #3),Young Adult
Frostbite (Vampire Academy #2),Young Adult
Wild Swans,Young Adult
Until Friday Night (The Field Party #1),Young Adult
This Is Where It Ends,Young Adult
The Darkest Lie,Young Adult
My Kind of Crazy,Young Adult
Don't Get Caught,Young Adult
Catching Jordan (Hundred Oaks),Young Adult
Aristotle and Dante Discover the Secrets of the Universe (Aristotle and Dante Discover the Secrets of the Universe #1),Young Adult
The Epidemic (The Program 0.6),Young Adult
Stars Above (The Lunar Chronicles #4.5),Young Adult
The Most Perfect Thing: Inside (and Outside) a Bird's Egg,Science
Immunity: How Elie Metchnikoff Changed the Course of Modern Medicine,Science
Sorting the Beef from the Bull: The Science of Food Fraud Forensics,Science
Tipping Point for Planet Earth: How Close Are We to the Edge?,Science
"The Fabric of the Cosmos: Space, Time, and the Texture of Reality",Science
Diary of a Citizen Scientist: Chasing Tiger Beetles and Other New Ways of Engaging the World,Science
The Origin of Species,Science
The Grand Design,Science
Peak: Secrets from the New Science of Expertise,Science
"The Elegant Universe: Superstrings, Hidden Dimensions, and the Quest for the Ultimate Theory",Science
"The Disappearing Spoon: And Other True Tales of Madness, Love, and the History of the World from the Periodic Table of the Elements",Science
"Surely You're Joking, Mr. Feynman!: Adventures of a Curious Character",Science
Seven Brief Lessons on Physics,Science
The Selfish Gene,Science
A Light in the Attic,Poetry
The Black Maria,Poetry
Shakespeare's Sonnets,Poetry
Olio,Poetry
You can't bury them all: Poems,Poetry
Slow States of Collapse: Poems,Poetry
Untitled Collection: Sabbath Poems 2014,Poetry
Poems That Make Grown Women Cry,Poetry
Night Sky with Exit Wounds,Poetry
salt.,Poetry
"Quarter Life Poetry: Poems for the Young, Broke and Hangry",Poetry
Out of Print: City Lights Spotlight No. 14,Poetry
Les Fleurs du Mal,Poetry
Howl and Other Poems,Poetry
Leave This Song Behind: Teen Poetry at Its Best,Poetry
The Collected Poems of W.B. Yeats (The Collected Works of W.B. Yeats #1),Poetry
The Crossover,Poetry
Booked,Poetry
Twenty Love Poems and a Song of Despair,Poetry
"Vampire Knight, Vol. 1 (Vampire Knight #1)",Paranormal
Wall and Piece,Art
Feathers: Displays of Brilliant Plumage,Art
Art and Fear: Observations on the Perils (and Rewards) of Artmaking,Art
The New Drawing on the Right Side of the Brain,Art
History of Beauty,Art
The Story of Art,Art
The Art Book,Art
Ways of Seeing,Art
The Lucifer Effect: Understanding How Good People Turn Evil,Psychology
The Golden Condom: And Other Essays on Love Lost and Found,Psychology
It Didn't Start with You: How Inherited Family Trauma Shapes Who We Are and How to End the Cycle,Psychology
An Unquiet Mind: A Memoir of Moods and Madness,Psychology
"Thinking, Fast and Slow",Psychology
Civilization and Its Discontents,Psychology
8 Keys to Mental Health Through Exercise,Psychology
The Argonauts,Autobiography
M Train,Autobiography
Lab Girl,Autobiography
Approval Junkie: Adventures in Caring Too Much,Autobiography
Running with Scissors,Autobiography
Me Talk Pretty One Day,Autobiography
Lust & Wonder,Autobiography
Life Without a Recipe,Autobiography
A Heartbreaking Work of Staggering Genius,Autobiography
Catastrophic Happiness: Finding Joy in Childhood's Messy Years,Parenting
Fifty Shades Freed (Fifty Shades #3),Adult Fiction
The Long Haul (Diary of a Wimpy Kid #9),Humor
Old School (Diary of a Wimpy Kid #10),Humor
I Know What I'm Doing -- and Other Lies I Tell Myself: Dispatches from a Life Under Construction,Humor
"Hyperbole and a Half: Unfortunate Situations, Flawed Coping Mechanisms, Mayhem, and Other Things That Happened",Humor
Dress Your Family in Corduroy and Denim,Humor
Toddlers Are A**holes: It's Not Your Fault,Humor
When You Are Engulfed in Flames,Humor
Naked,Humor
"Lamb: The Gospel According to Biff, Christ's Childhood Pal",Humor
Holidays on Ice,Humor
Security,Horror
Follow You Home,Horror
The Loney,Horror
Pet Sematary,Horror
Doctor Sleep (The Shining #2),Horror
Psycho: Sanitarium (Psycho #1.5),Horror
Can You Keep a Secret? (Fear Street Relaunch #4),Horror
Red Dragon (Hannibal Lecter #1),Horror
Dracula the Un-Dead,Horror
Night Shift (Night Shift #1-20),Horror
Needful Things,Horror
Misery,Horror
It,Horror
'Salem's Lot,Horror
The Stand,Horror
The Girl with All the Gifts,Horror
House of Leaves,Horror
Sapiens: A Brief History of Humankind,History
"Unbound: How Eight Technologies Made Us Human, Transformed Society, and Brought Our World to the Brink",History
The Age of Genius: The Seventeenth Century and the Birth of the Modern Mind,History
"Political Suicide: Missteps, Peccadilloes, Bad Calls, Backroom Hijinx, Sordid Pasts, Rotten Breaks, and Just Plain Dumb Mistakes in the Annals of American Politics",History
Thomas Jefferson and the Tripoli Pirates: The Forgotten War That Changed American History,History
Zealot: The Life and Times of Jesus of Nazareth,History
A Distant Mirror: The Calamitous 14th Century,History
1491: New Revelations of the Americas Before Columbus,History
Brilliant Beacons: A History of the American Lighthouse,History
"""Most Blessed of the Patriarchs"": Thomas Jefferson and the Empire of the Imagination",History
A Short History of Nearly Everything,History
The Rise and Fall of the Third Reich: A History of Nazi Germany,History
Catherine the Great: Portrait of a Woman,History
The Mathews Men: Seven Brothers and the War Against Hitler's U-boats,History
The Hiding Place,History
America's War for the Greater Middle East: A Military History,History
The Guns of August,History
"House of Lost Worlds: Dinosaurs, Dynasties, and the Story of Life on Earth",History
"Foolproof Preserving: A Guide to Small Batch Jams, Jellies, Pickles, Condiments, and More: A Foolproof Guide to Making Small Batch Jams, Jellies, Pickles, Condiments, and More",Food and Drink
"The Pioneer Woman Cooks: Dinnertime: Comfort Classics, Freezer Food, 16-Minute Meals, and Other Delicious Ways to Solve Supper!",Food and Drink
My Paris Kitchen: Recipes and Stories,Food and Drink
"Mama Tried: Traditional Italian Cooking for the Screwed, Crude, Vegan, and Tattooed",Food and Drink
"Layered: Baking, Building, and Styling Spectacular Cakes",Food and Drink
The Nerdy Nummies Cookbook: Sweet Treats for the Geek in All of Us,Food and Drink
The Love and Lemons Cookbook: An Apple-to-Zucchini Celebration of Impromptu Cooking,Food and Drink
The Cookies & Cups Cookbook: 125+ sweet & savory recipes reminding you to Always Eat Dessert First,Food and Drink
"Deliciously Ella Every Day: Quick and Easy Recipes for Gluten-Free Snacks, Packed Lunches, and Simple Meals",Food and Drink
The Help Yourself Cookbook for Kids: 60 Easy Plant-Based Recipes Kids Can Make to Stay Healthy and Save the Earth,Food and Drink
"It's All Easy: Healthy, Delicious Weeknight Meals in under 30 Minutes",Food and Drink
Barefoot Contessa Back to Basics,Food and Drink
Barefoot Contessa at Home: Everyday Recipes You'll Make Over and Over Again,Food and Drink
My Kitchen Year: 136 Recipes That Saved My Life,Food and Drink
Everyday Italian: 125 Simple and Delicious Recipes,Food and Drink
"A la Mode: 120 Recipes in 60 Pairings: Pies, Tarts, Cakes, Crisps, and More Topped with Ice Cream, Gelato, Frozen Custard, and More",Food and Drink
Cravings: Recipes for What You Want to Eat,Food and Drink
"The Moosewood Cookbook: Recipes from Moosewood Restaurant, Ithaca, New York",Food and Drink
32 Yolks,Food and Drink
"Naturally Lean: 125 Nourishing Gluten-Free, Plant-Based Recipes--All Under 300 Calories",Food and Drink
Redeeming Love,Christian Fiction
Close to You,Christian Fiction
Shadows of the Past (Logan Point #1),Christian Fiction
Like Never Before (Walker Family #2),Christian Fiction
Counted With the Stars (Out from Egypt #1),Christian Fiction
If I Run (If I Run #1),Christian Fiction
The Dirty Little Secrets of Getting Your Dream Job,Business
The Third Wave: An Entrepreneurâs Vision of the Future,Business
The 10% Entrepreneur: Live Your Startup Dream Without Quitting Your Day Job,Business
Shoe Dog: A Memoir by the Creator of NIKE,Business
Made to Stick: Why Some Ideas Survive and Others Die,Business
Quench Your Own Thirst: Business Lessons Learned Over a Beer or Two,Business
The Art of Startup Fundraising,Business
Born for This: How to Find the Work You Were Meant to Do,Business
The E-Myth Revisited: Why Most Small Businesses Don't Work and What to Do About It,Business
"Rich Dad, Poor Dad",Business
The Lean Startup: How Today's Entrepreneurs Use Continuous Innovation to Create Radically Successful Businesses,Business
Rework,Business
Louisa: The Extraordinary Life of Mrs. Adams,Biography
"Setting the World on Fire: The Brief, Astonishing Life of St. Catherine of Siena",Biography
The Faith of Christopher Hitchens: The Restless Soul of the World's Most Notorious Atheist,Biography
Benjamin Franklin: An American Life,Biography
The Rise of Theodore Roosevelt (Theodore Roosevelt #1),Biography
In Her Wake,Thriller
The Elephant Tree,Thriller
Behind Closed Doors,Thriller
You (You #1),Thriller
The Guilty (Will Robie #4),Thriller
The 14th Colony (Cotton Malone #11),Thriller
Give It Back,Thriller
Killing Floor (Jack Reacher #1),Thriller
The Bone Hunters (Lexy Vaughan & Steven Macaulay #2),Thriller
Far From True (Promise Falls Trilogy #2),Thriller
The Travelers,Thriller
When We Collided,Contemporary
Someone Like You (The Harrisons #2),Contemporary
We Are All Completely Beside Ourselves,Contemporary
The Four Agreements: A Practical Guide to Personal Freedom,Spirituality
The Activist's Tao Te Ching: Ancient Advice for a Modern Revolution,Spirituality
Chasing Heaven: What Dying Taught Me About Living,Spirituality
If I Gave You God's Phone Number....: Searching for Spirituality in America,Spirituality
Unreasonable Hope: Finding Faith in the God Who Brings Purpose to Your Pain,Spirituality
A New Earth: Awakening to Your Life's Purpose,Spirituality
Logan Kade (Fallen Crest High #5.5),Academic
Online Marketing for Busy Authors: A Step-By-Step Guide,Self Help
How to Be Miserable: 40 Strategies You Already Use,Self Help
"Overload: How to Unplug, Unwind, and Unleash Yourself from the Pressure of Stress",Self Help
You Are a Badass: How to Stop Doubting Your Greatness and Start Living an Awesome Life,Self Help
How to Stop Worrying and Start Living,Self Help
All the Light We Cannot See,Historical
The Girl You Left Behind (The Girl You Left Behind #1),Historical
(Un)Qualified: How God Uses Broken People to Do Big Things,Christian
Crazy Love: Overwhelmed by a Relentless God,Christian
Blue Like Jazz: Nonreligious Thoughts on Christian Spirituality,Christian
Silence in the Dark (Logan Point #4),Suspense
The Grownup,Short Stories
Suzie Snowflake: One beautiful flake (a self-esteem story),Novels
"The Bulletproof Diet: Lose up to a Pound a Day, Reclaim Energy and Focus, Upgrade Your Life",Health
"Eat Fat, Get Thin",Health
10-Day Green Smoothie Cleanse: Lose Up to 15 Pounds in 10 Days!,Health
The Art and Science of Low Carbohydrate Living,Health
Libertarianism for Beginners,Politics
Why the Right Went Wrong: Conservatism--From Goldwater to the Tea Party and Beyond,Politics
Equal Is Unfair: America's Misguided Fight Against Income Inequality,Politics
Amid the Chaos,Cultural
Dark Notes,Erotica
The Long Shadow of Small Ghosts: Murder and Memory in an American City,Crime
