Name,Email,Gender,Status
Ricardo Lopez,john.stephen.149@gmail.com,male,1
Ricardo Lopez,bramakrishnareddy@1634904752747ce.com,male,1
Ricardo Lopez,sujithasana1997@gmail.com,female,0
Ramakrishna Reddy,bramakrishnareddy@1634904918157ce.com,male,1
NewID${Random},nares23h@gmail.com,male,1
MoonEra,test_1634904616@mailinator.comm,male,1
bramakrishnareddy1634904929325,bramakrishnareddy@1634904929325ce.com,male,1
Juan Perez,bramakrishnareddy@1634904703069ce.com,male,1
Ricardo Lopez,bramakrishnareddy@1634904741066ce.com,male,1
Elba Lazo,bramakrishnareddy@1634904739425ce.com,male,1
Ricardo Lopez,903pepito@yoloGroup.com,male,1
Milhouse,bramakrishnareddy@1634904721608ce.com,male,1
Ricardo Lopez,bramakrishnareddy@1634904812859ce.com,male,1
NewID22433,nares856df232hwhjewe@gmail.com,male,1
Ricardo Lopez,bramakrishnareddy@1634904811222ce.com,male,1
Elba Lazo,mushamuday@gmail.com,male,1
Ricardo Lopez,bramakrishnareddy@1634904734512ce.com,male,1
otro nombre,victor.moreno5301@bairesdev.com,male,1
Ricardo Lopez,bramakrishnareddy@1634904829086ce.com,male,1
Junacito Modificado,636pepito@yoloGroup.com,male,1
